Dataset,0 states,10 states,25 states,50 states,75 states,100 states,
gk01 SAM-0.01,463218,5089903,12043838,23653772,35281859,46897705,
gk01 SAM-0.02,463218,5092327,12059177,23693904,35383395,47113463,
gk01 SAM-0.05,463218,5113768,12097901,23892037,35778881,47610395,
gk01 SAM-0.1,463218,5121272,12169486,24044573,35925950,47924151,
gk01 SAM-0.2,463218,5177484,12293033,24189553,36116201,48166300,
OR10x100-0.25_1 SAM-0.01,2836872,31205045,73830256,145018245,216448557,288212783,
OR10x100-0.25_1 SAM-0.02,2836872,31176234,73779210,145071138,216174187,286840590,
OR10x100-0.25_1 SAM-0.05,2836872,31123728,73635411,144442790,214350962,284811984,
OR10x100-0.25_1 SAM-0.1,2836872,30805648,71709699,140660402,208541345,276564063,
OR10x100-0.25_1 SAM-0.2,2836872,29648279,69427770,133693742,197679341,262428557,
OR10x100-0.25_10 SAM-0.01,2792346,30597142,72337638,142139045,212083075,282343860,
OR10x100-0.25_10 SAM-0.02,2792346,30601316,72414755,141540192,210028903,278086274,
OR10x100-0.25_10 SAM-0.05,2792346,30521318,72262692,141962354,210773095,279012315,
OR10x100-0.25_10 SAM-0.1,2792346,30367806,72304310,142688641,212605264,283125298,
OR10x100-0.25_10 SAM-0.2,2792346,29670793,70580732,138161785,206143020,274538908,
OR10x100-0.25_2 SAM-0.01,2804523,30811398,72747333,142700682,212513729,282280655,
OR10x100-0.25_2 SAM-0.02,2804523,30738014,72400833,141993150,212083754,282357876,
OR10x100-0.25_2 SAM-0.05,2804523,30823488,72659490,143645312,215992394,287394880,
OR10x100-0.25_2 SAM-0.1,2804523,30313656,71092094,139794519,208691237,277146506,
OR10x100-0.25_2 SAM-0.2,2804523,29788523,68801890,134285142,199302243,262975628,
OR10x100-0.25_3 SAM-0.01,2722113,29840722,70494582,138267240,206080209,273773077,
OR10x100-0.25_3 SAM-0.02,2722113,29860510,70574618,138785504,206905562,274763003,
OR10x100-0.25_3 SAM-0.05,2722113,29882674,70327385,137725770,205503940,272879354,
OR10x100-0.25_3 SAM-0.1,2722113,29415814,69558813,135876784,202154549,267683288,
OR10x100-0.25_3 SAM-0.2,2722113,28421912,66454362,131029200,195671089,261222923,
OR10x100-0.25_4 SAM-0.01,2800956,30787540,72665680,142692220,212874852,282987407,
OR10x100-0.25_4 SAM-0.02,2800956,30729277,72816543,142992721,213447961,284721251,
OR10x100-0.25_4 SAM-0.05,2800956,30687713,72043521,141213012,210830625,280285171,
OR10x100-0.25_4 SAM-0.1,2800956,30537204,71650261,141006547,211763536,282705341,
OR10x100-0.25_4 SAM-0.2,2800956,30239475,71969408,143601023,214257367,283005855,
OR10x100-0.25_5 SAM-0.01,2798373,30708800,72501138,142063479,211182360,280168636,
OR10x100-0.25_5 SAM-0.02,2798373,30715142,72536257,141844326,210389317,279358356,
OR10x100-0.25_5 SAM-0.05,2798373,30721819,72571297,142329593,212555203,282792706,
OR10x100-0.25_5 SAM-0.1,2798373,30689021,71990259,141331917,208671464,277727977,
OR10x100-0.25_5 SAM-0.2,2798373,30045986,71467105,139234009,207524205,274590712,
OR10x100-0.25_6 SAM-0.01,2801571,30764803,72736555,142509902,211994034,281400505,
OR10x100-0.25_6 SAM-0.02,2801571,30898822,73333236,144498071,215203316,285437284,
OR10x100-0.25_6 SAM-0.05,2801571,30878353,72857901,143066772,213891590,285357585,
OR10x100-0.25_6 SAM-0.1,2801571,30830360,72870833,143477256,210917006,277254944,
OR10x100-0.25_6 SAM-0.2,2801571,29835899,70304757,136506049,203931504,270966395,
OR10x100-0.25_7 SAM-0.01,2690625,29533506,69570149,136110018,203007434,270291679,
OR10x100-0.25_7 SAM-0.02,2690625,29497510,69751980,136987126,204436146,272419713,
OR10x100-0.25_7 SAM-0.05,2690625,29527356,68948372,133521188,198252252,264376770,
OR10x100-0.25_7 SAM-0.1,2690625,29321555,69221201,135891007,201406052,266443567,
OR10x100-0.25_7 SAM-0.2,2690625,29221065,67802895,130771445,194375901,259690326,
OR10x100-0.25_8 SAM-0.01,2784105,30509519,72224536,141649923,211233396,280594102,
OR10x100-0.25_8 SAM-0.02,2784105,30487338,72069885,141508603,210784509,280005270,
OR10x100-0.25_8 SAM-0.05,2784105,30013900,70521333,139860313,209931397,281191348,
OR10x100-0.25_8 SAM-0.1,2784105,29871548,70226743,137548420,205609671,272981523,
OR10x100-0.25_8 SAM-0.2,2784105,28805664,68053472,133358075,198606152,263451597,
OR10x100-0.25_9 SAM-0.01,2768853,30386552,71843174,141118405,210560962,279995343,
OR10x100-0.25_9 SAM-0.02,2768853,30242690,71429443,140043253,207835427,275343501,
OR10x100-0.25_9 SAM-0.05,2768853,30075610,71119245,140499191,209156918,277603987,
OR10x100-0.25_9 SAM-0.1,2768853,29779282,70344639,136909582,203346062,270283630,
OR10x100-0.25_9 SAM-0.2,2768853,28705709,68370962,133829021,195803882,258286341,
OR10x100-0.50_1 SAM-0.01,5091585,55953867,132336914,259552759,386384459,513376968,
OR10x100-0.50_1 SAM-0.02,5091585,55866397,132033525,260305360,388821856,517324762,
OR10x100-0.50_1 SAM-0.05,5091585,56065926,133118084,262589997,393619307,524410687,
OR10x100-0.50_1 SAM-0.1,5091585,56629927,134571121,266159634,395126427,526352982,
OR10x100-0.50_1 SAM-0.2,5091585,56542194,135328561,268860774,403977829,540243294,
OR10x100-0.50_10 SAM-0.01,5068461,55654766,131562395,257839001,383720333,509508315,
OR10x100-0.50_10 SAM-0.02,5068461,55792863,131560995,258514395,386237657,514198369,
OR10x100-0.50_10 SAM-0.05,5068461,55721480,131743326,259099793,388640466,519268903,
OR10x100-0.50_10 SAM-0.1,5068461,56058993,131835486,258076429,384804493,512900696,
OR10x100-0.50_10 SAM-0.2,5068461,55966719,135215691,264673696,391460406,519490672,
OR10x100-0.50_2 SAM-0.01,5208312,57295620,135400578,265557439,395677962,526197893,
OR10x100-0.50_2 SAM-0.02,5208312,57258828,135398134,265463146,394675345,523626814,
OR10x100-0.50_2 SAM-0.05,5208312,57378791,135803646,267771053,399853113,532532767,
OR10x100-0.50_2 SAM-0.1,5208312,57531279,136314496,267776174,398569078,531594361,
OR10x100-0.50_2 SAM-0.2,5208312,57351210,137339861,272316086,408200451,545801314,
OR10x100-0.50_3 SAM-0.01,5215323,57293036,135274407,265565182,396213062,527158960,
OR10x100-0.50_3 SAM-0.02,5215323,57399641,135893498,266601350,398240549,530511263,
OR10x100-0.50_3 SAM-0.05,5215323,57591777,136868972,271174254,405709015,539440780,
OR10x100-0.50_3 SAM-0.1,5215323,57759943,137869760,273231058,408137581,540517043,
OR10x100-0.50_3 SAM-0.2,5215323,57629899,137057526,269424838,399809636,532546282,
OR10x100-0.50_4 SAM-0.01,5611752,61689048,145880422,285680458,424967410,564178017,
OR10x100-0.50_4 SAM-0.02,5611752,61770823,145878696,286093084,426574377,567103560,
OR10x100-0.50_4 SAM-0.05,5611752,61651594,146217705,286272148,425981157,566148912,
OR10x100-0.50_4 SAM-0.1,5611752,61173037,145446142,287373983,430806775,574543244,
OR10x100-0.50_4 SAM-0.2,5611752,61634064,144537088,282136093,422788194,560431997,
OR10x100-0.50_5 SAM-0.01,5151732,56530547,133353281,260623343,387606599,514505317,
OR10x100-0.50_5 SAM-0.02,5151732,56445512,133546968,262066729,390151196,518412996,
OR10x100-0.50_5 SAM-0.05,5151732,56251938,132268393,258716812,385520421,512842412,
OR10x100-0.50_5 SAM-0.1,5151732,55758335,131793171,259274801,385307931,509903129,
OR10x100-0.50_5 SAM-0.2,5151732,55252403,131732307,259886453,386396938,515505703,
OR10x100-0.50_6 SAM-0.01,5288385,58193869,137453458,269953235,402539111,534696587,
OR10x100-0.50_6 SAM-0.02,5288385,57996052,137048141,269100999,401312923,532897164,
OR10x100-0.50_6 SAM-0.05,5288385,57789412,136442433,268047844,399492962,530686660,
OR10x100-0.50_6 SAM-0.1,5288385,57494148,135316827,268538944,401169597,535290545,
OR10x100-0.50_6 SAM-0.2,5288385,58306575,137915507,269563685,403329629,536587824,
OR10x100-0.50_7 SAM-0.01,5359602,58966100,139344150,273502663,407122835,540876777,
OR10x100-0.50_7 SAM-0.02,5359602,59062503,139707422,274139758,408278807,542258349,
OR10x100-0.50_7 SAM-0.05,5359602,59122248,139837971,273193041,406871720,541703825,
OR10x100-0.50_7 SAM-0.1,5359602,58926689,139289581,274030746,404396226,531920898,
OR10x100-0.50_7 SAM-0.2,5359602,58509724,137796888,270157533,397814221,525893042,
OR10x100-0.50_8 SAM-0.01,5285310,58099687,137476217,269941029,402378129,534562481,
OR10x100-0.50_8 SAM-0.02,5285310,58059639,136979917,268580768,400575714,531930507,
OR10x100-0.50_8 SAM-0.05,5285310,58219766,137228313,269215256,402804892,536265058,
OR10x100-0.50_8 SAM-0.1,5285310,57685364,134798527,264665708,396406500,529209904,
OR10x100-0.50_8 SAM-0.2,5285310,57706323,136979865,270977250,403944220,537415926,
OR10x100-0.50_9 SAM-0.01,5192076,57118301,134949073,264460706,394410317,524606695,
OR10x100-0.50_9 SAM-0.02,5192076,57185096,135571551,266378816,397663505,529161457,
OR10x100-0.50_9 SAM-0.05,5192076,57093685,134349653,263401036,389060750,515263902,
OR10x100-0.50_9 SAM-0.1,5192076,57673584,137424132,272417206,406164739,534330667,
OR10x100-0.50_9 SAM-0.2,5192076,56973005,133650302,259087000,384949913,509068220,
OR10x100-0.75_1 SAM-0.01,7057125,77643072,183396152,359231095,535672559,712133307,
OR10x100-0.75_1 SAM-0.02,7057125,77369672,182892248,357984295,532064332,706249480,
OR10x100-0.75_1 SAM-0.05,7057125,77602511,183329109,359336913,534961784,709195281,
OR10x100-0.75_1 SAM-0.1,7057125,76740410,181074663,349629918,514015441,679144481,
OR10x100-0.75_1 SAM-0.2,7057125,74281645,171926494,331859849,492799464,658580578,
OR10x100-0.75_10 SAM-0.01,7457859,82114136,194300615,381653884,569225803,757201557,
OR10x100-0.75_10 SAM-0.02,7457859,82168450,194647942,382787728,570939649,759315963,
OR10x100-0.75_10 SAM-0.05,7457859,81899168,192198943,377546745,564162133,748226770,
OR10x100-0.75_10 SAM-0.1,7457859,82224352,193354697,378616851,562786769,749332031,
OR10x100-0.75_10 SAM-0.2,7457859,80225061,190668782,369694560,542472551,716528393,
OR10x100-0.75_2 SAM-0.01,7254294,79737696,188210735,368981949,549825509,730831209,
OR10x100-0.75_2 SAM-0.02,7254294,79896688,189107014,370815115,552625740,733951200,
OR10x100-0.75_2 SAM-0.05,7254294,79435353,187612705,367352302,548442271,731392269,
OR10x100-0.75_2 SAM-0.1,7254294,79537459,188896264,374261524,562357634,751967733,
OR10x100-0.75_2 SAM-0.2,7254294,81341874,194479871,388086718,579529632,771803647,
OR10x100-0.75_3 SAM-0.01,7182093,79059755,186883461,366761780,546582733,726418178,
OR10x100-0.75_3 SAM-0.02,7182093,79007204,186556145,365230834,543910681,722561574,
OR10x100-0.75_3 SAM-0.05,7182093,78797413,186378362,365765538,543300962,720301279,
OR10x100-0.75_3 SAM-0.1,7182093,79682971,189346243,373642349,558026436,748156631,
OR10x100-0.75_3 SAM-0.2,7182093,79090437,187611555,370883748,556884572,743796181,
OR10x100-0.75_4 SAM-0.01,7621818,83842685,198205074,388934572,579466340,769736171,
OR10x100-0.75_4 SAM-0.02,7621818,83756557,197569917,387112003,576576595,765459564,
OR10x100-0.75_4 SAM-0.05,7621818,83511528,197279266,386037210,574245325,762590664,
OR10x100-0.75_4 SAM-0.1,7621818,84927384,199910044,392201452,588834320,784669065,
OR10x100-0.75_4 SAM-0.2,7621818,86553290,207040633,406483865,610275032,815596844,
OR10x100-0.75_5 SAM-0.01,7478769,82324081,194515181,381808703,569172728,756385341,
OR10x100-0.75_5 SAM-0.02,7478769,82253777,194385121,380885886,566567567,751352986,
OR10x100-0.75_5 SAM-0.05,7478769,82333234,194093753,380709114,570125320,757715144,
OR10x100-0.75_5 SAM-0.1,7478769,81604003,191838162,370115378,548091238,725434763,
OR10x100-0.75_5 SAM-0.2,7478769,78329448,184254126,359602045,537020164,714438123,
OR10x100-0.75_6 SAM-0.01,7556751,83053539,196278513,384942467,573287329,762253818,
OR10x100-0.75_6 SAM-0.02,7556751,82925882,195700228,383652014,571851751,759824713,
OR10x100-0.75_6 SAM-0.05,7556751,83195563,196639594,386610483,576046430,766882617,
OR10x100-0.75_6 SAM-0.1,7556751,83553925,198749082,387430909,574905199,761252570,
OR10x100-0.75_6 SAM-0.2,7556751,82168336,194422835,376929881,554811378,727997767,
OR10x100-0.75_7 SAM-0.01,6934371,76268073,180298343,353660604,526831446,699590433,
OR10x100-0.75_7 SAM-0.02,6934371,76311093,180483453,354397920,527532553,700723457,
OR10x100-0.75_7 SAM-0.05,6934371,76693487,181183376,354696485,528367945,700240964,
OR10x100-0.75_7 SAM-0.1,6934371,76763961,180402526,351721803,525581262,705057933,
OR10x100-0.75_7 SAM-0.2,6934371,76114211,182088586,358166723,531911296,703230403,
OR10x100-0.75_8 SAM-0.01,7305093,80291658,189799349,372132700,554773721,737484979,
OR10x100-0.75_8 SAM-0.02,7305093,80499880,190498956,373585352,556936944,739711007,
OR10x100-0.75_8 SAM-0.05,7305093,80195158,189378569,371342969,555472298,738500528,
OR10x100-0.75_8 SAM-0.1,7305093,79784520,188436546,372600496,558504103,744977257,
OR10x100-0.75_8 SAM-0.2,7305093,79291383,188521009,367165782,545126122,721024130,
OR10x100-0.75_9 SAM-0.01,7405215,81546390,192813739,378205846,563969734,749588314,
OR10x100-0.75_9 SAM-0.02,7405215,81476462,192588066,378855261,564765803,750217800,
OR10x100-0.75_9 SAM-0.05,7405215,81422169,191841502,378011326,565532641,754036346,
OR10x100-0.75_9 SAM-0.1,7405215,80825627,189478222,368963091,552237843,737419593,
OR10x100-0.75_9 SAM-0.2,7405215,80858909,190727456,369880103,551370041,733605621,
OR30x100-0.25_1 SAM-0.01,2699358,29687005,70191529,137774216,205487725,273471842,
OR30x100-0.25_1 SAM-0.02,2699358,29702444,70268015,137971147,205397065,272700290,
OR30x100-0.25_1 SAM-0.05,2699358,29502620,69475293,135491089,201383026,266403778,
OR30x100-0.25_1 SAM-0.1,2699358,28900744,68183405,133807293,197430527,262757855,
OR30x100-0.25_1 SAM-0.2,2699358,27977949,66054651,130252336,195671607,261708983,
OR30x100-0.25_10 SAM-0.01,2580909,28330927,66880018,131064080,195086105,259394627,
OR30x100-0.25_10 SAM-0.02,2580909,28296588,66970797,131601188,196119016,260486568,
OR30x100-0.25_10 SAM-0.05,2580909,28363101,66792296,130254613,193966818,257713629,
OR30x100-0.25_10 SAM-0.1,2580909,27917624,65575747,128406078,189417036,252048320,
OR30x100-0.25_10 SAM-0.2,2580909,27277287,64215168,125523350,185031654,245854446,
OR30x100-0.25_2 SAM-0.01,2671068,29386543,69339436,135615088,201773540,267897648,
OR30x100-0.25_2 SAM-0.02,2671068,29263208,69035236,135193581,201693061,267776089,
OR30x100-0.25_2 SAM-0.05,2671068,29072771,68921329,134308414,200000353,265622485,
OR30x100-0.25_2 SAM-0.1,2671068,29398148,69068326,135740203,203283379,270403478,
OR30x100-0.25_2 SAM-0.2,2671068,28776299,67617771,131387170,195246454,259082788,
OR30x100-0.25_3 SAM-0.01,2552742,28079274,66424043,130247324,193934303,257627743,
OR30x100-0.25_3 SAM-0.02,2552742,28105892,66295379,129872155,193397150,256958513,
OR30x100-0.25_3 SAM-0.05,2552742,27962935,65680138,128266234,190791615,252451973,
OR30x100-0.25_3 SAM-0.1,2552742,27482998,64417453,126695286,189294814,251166269,
OR30x100-0.25_3 SAM-0.2,2552742,27515751,65057349,129582552,194546707,258502364,
OR30x100-0.25_4 SAM-0.01,2640072,29012023,68446139,133863935,199316495,264847759,
OR30x100-0.25_4 SAM-0.02,2640072,28883107,68252024,133930985,199204777,264392861,
OR30x100-0.25_4 SAM-0.05,2640072,28906097,67998870,132711891,197687627,262541067,
OR30x100-0.25_4 SAM-0.1,2640072,28697848,67120709,131550315,196659637,261808597,
OR30x100-0.25_4 SAM-0.2,2640072,28366552,67611684,133023806,198908963,264871671,
OR30x100-0.25_5 SAM-0.01,2686812,29565206,69878192,136993583,204052954,271314110,
OR30x100-0.25_5 SAM-0.02,2686812,29499178,69571215,136202790,202918536,269440072,
OR30x100-0.25_5 SAM-0.05,2686812,29540784,70281785,137503996,204503306,272050322,
OR30x100-0.25_5 SAM-0.1,2686812,29310944,69544246,136744762,203471306,271118321,
OR30x100-0.25_5 SAM-0.2,2686812,28519668,67277714,130663865,194068932,258460792,
OR30x100-0.25_6 SAM-0.01,2727648,30016073,71072079,139559153,208278018,277074024,
OR30x100-0.25_6 SAM-0.02,2727648,30011475,71089351,139419118,207958447,276497719,
OR30x100-0.25_6 SAM-0.05,2727648,30005503,70806970,138513612,206830554,274819283,
OR30x100-0.25_6 SAM-0.1,2727648,29513186,69399822,135534906,202039026,268396431,
OR30x100-0.25_6 SAM-0.2,2727648,29068277,68842199,134131871,199370584,263902918,
OR30x100-0.25_7 SAM-0.01,2681277,29603988,70065954,137524190,204935394,272167507,
OR30x100-0.25_7 SAM-0.02,2681277,29519269,69790461,137679115,205474630,273326681,
OR30x100-0.25_7 SAM-0.05,2681277,29226736,69080855,135374240,201360312,267121016,
OR30x100-0.25_7 SAM-0.1,2681277,29183675,68178307,133374185,197271247,261269028,
OR30x100-0.25_7 SAM-0.2,2681277,28115736,64783512,125578840,186528275,248522801,
OR30x100-0.25_8 SAM-0.01,2631831,28972462,68366310,133665007,199127418,264403676,
OR30x100-0.25_8 SAM-0.02,2631831,28899296,68238531,133751506,199485751,265456484,
OR30x100-0.25_8 SAM-0.05,2631831,28839391,67918957,132931018,197779787,263204320,
OR30x100-0.25_8 SAM-0.1,2631831,28781671,67032434,129851021,193370076,257220322,
OR30x100-0.25_8 SAM-0.2,2631831,27895914,65978349,128862143,191372407,254071263,
OR30x100-0.25_9 SAM-0.01,2770575,30473798,72103225,141563368,210995647,280307663,
OR30x100-0.25_9 SAM-0.02,2770575,30472342,72018198,141579472,211225879,281426350,
OR30x100-0.25_9 SAM-0.05,2770575,30451476,72032863,142132962,212147536,282660968,
OR30x100-0.25_9 SAM-0.1,2770575,30614393,72214976,143291000,214514235,284432349,
OR30x100-0.25_9 SAM-0.2,2770575,30497256,72279664,141146039,208497227,276850995,
OR30x100-0.50_1 SAM-0.01,5014341,55059043,129891484,254621859,379817047,505328790,
OR30x100-0.50_1 SAM-0.02,5014341,55025745,130037468,255079511,379914843,505524676,
OR30x100-0.50_1 SAM-0.05,5014341,55200665,130045508,254327181,378085224,501037881,
OR30x100-0.50_1 SAM-0.1,5014341,54810897,128082790,247397275,366761689,486607011,
OR30x100-0.50_1 SAM-0.2,5014341,53103991,124497893,244395075,363760632,483039836,
OR30x100-0.50_10 SAM-0.01,5129100,56432505,133285392,261336106,389452311,517740755,
OR30x100-0.50_10 SAM-0.02,5129100,56319582,133193035,261922590,390722760,519804208,
OR30x100-0.50_10 SAM-0.05,5129100,56553389,133393192,260860988,387878552,514958532,
OR30x100-0.50_10 SAM-0.1,5129100,55894931,131124435,257501379,385200284,509600683,
OR30x100-0.50_10 SAM-0.2,5129100,54340895,127494985,248816849,373221641,498994395,
OR30x100-0.50_2 SAM-0.01,5080884,55880593,131916354,258399517,384814629,510944069,
OR30x100-0.50_2 SAM-0.02,5080884,55851997,131929011,258863825,386157818,513121163,
OR30x100-0.50_2 SAM-0.05,5080884,56032068,132563313,259994626,389576199,518378222,
OR30x100-0.50_2 SAM-0.1,5080884,55219738,130832671,256288586,383709957,510819562,
OR30x100-0.50_2 SAM-0.2,5080884,54329813,128861621,251708515,376549739,501714595,
OR30x100-0.50_3 SAM-0.01,5120490,56359162,133209667,261059645,389160758,517294673,
OR30x100-0.50_3 SAM-0.02,5120490,56327750,133206447,261302875,389590832,518107899,
OR30x100-0.50_3 SAM-0.05,5120490,56191356,131898526,257370887,383497757,509466119,
OR30x100-0.50_3 SAM-0.1,5120490,55687231,129258255,253543160,379215824,501564401,
OR30x100-0.50_3 SAM-0.2,5120490,54500655,127152765,245879703,366241176,486490684,
OR30x100-0.50_4 SAM-0.01,5048043,55545398,131425680,257855878,383677422,509463087,
OR30x100-0.50_4 SAM-0.02,5048043,55551193,131101828,257035631,383010059,508533213,
OR30x100-0.50_4 SAM-0.05,5048043,55410263,130259401,255738434,381615277,506955586,
OR30x100-0.50_4 SAM-0.1,5048043,55470907,131141453,256140740,380769601,506026588,
OR30x100-0.50_4 SAM-0.2,5048043,54645037,130837025,259260076,389621025,521931872,
OR30x100-0.50_5 SAM-0.01,5029347,55372734,130893271,256920618,383108064,509515194,
OR30x100-0.50_5 SAM-0.02,5029347,55341751,130874369,256907410,383053932,508914850,
OR30x100-0.50_5 SAM-0.05,5029347,55203005,129574087,252558585,376117886,499628724,
OR30x100-0.50_5 SAM-0.1,5029347,54787397,128993346,253503460,376220300,498455644,
OR30x100-0.50_5 SAM-0.2,5029347,54670856,128378279,253767302,378900886,504072553,
OR30x100-0.50_6 SAM-0.01,5050134,55529277,131259069,257319850,383113838,508956778,
OR30x100-0.50_6 SAM-0.02,5050134,55502829,131056347,256660429,382109766,507409615,
OR30x100-0.50_6 SAM-0.05,5050134,55277170,130128758,253153031,376170243,499928119,
OR30x100-0.50_6 SAM-0.1,5050134,54960077,130605099,256393907,384016407,514288023,
OR30x100-0.50_6 SAM-0.2,5050134,54304205,127312253,244880677,367744242,490042685,
OR30x100-0.50_7 SAM-0.01,5050626,55720155,131774185,258214581,384828835,511230560,
OR30x100-0.50_7 SAM-0.02,5050626,55716587,131614921,258116218,384585270,511248629,
OR30x100-0.50_7 SAM-0.05,5050626,56256041,133137317,261094430,389972369,518291296,
OR30x100-0.50_7 SAM-0.1,5050626,55199029,130767667,257847613,385670271,512916002,
OR30x100-0.50_7 SAM-0.2,5050626,55641136,131236406,258341701,387646510,514995795,
OR30x100-0.50_8 SAM-0.01,5254437,57742714,136397378,267321415,398091224,528695304,
OR30x100-0.50_8 SAM-0.02,5254437,57682762,136399810,267321518,398200657,528643180,
OR30x100-0.50_8 SAM-0.05,5254437,57316949,135426726,265396828,394148834,520681361,
OR30x100-0.50_8 SAM-0.1,5254437,57377554,135365634,265909188,397312008,527810188,
OR30x100-0.50_8 SAM-0.2,5254437,56304672,131723945,255588469,376314267,500064715,
OR30x100-0.50_9 SAM-0.01,5194290,56999850,134649364,264079920,393276377,522230403,
OR30x100-0.50_9 SAM-0.02,5194290,57068674,134697489,263738439,392525380,521197569,
OR30x100-0.50_9 SAM-0.05,5194290,57153782,135045237,263634652,391342034,518684510,
OR30x100-0.50_9 SAM-0.1,5194290,56850047,133077736,261191822,390551114,520648612,
OR30x100-0.50_9 SAM-0.2,5194290,55368017,129728682,251752091,374916736,499179694,
OR30x100-0.75_1 SAM-0.01,7071762,77864424,184162853,361344304,538697991,716206864,
OR30x100-0.75_1 SAM-0.02,7071762,77780937,183865316,359936517,536422253,713362025,
OR30x100-0.75_1 SAM-0.05,7071762,77932653,184544801,362035765,538160553,714949227,
OR30x100-0.75_1 SAM-0.1,7071762,77557884,183180055,361505598,542978957,725238465,
OR30x100-0.75_1 SAM-0.2,7071762,77189609,183136611,365412793,547980898,727926255,
OR30x100-0.75_10 SAM-0.01,7454169,82046950,193942068,380363268,566833655,753187094,
OR30x100-0.75_10 SAM-0.02,7454169,82039090,193674521,379244483,565061336,750973151,
OR30x100-0.75_10 SAM-0.05,7454169,82152178,194409918,381942313,567551122,753269637,
OR30x100-0.75_10 SAM-0.1,7454169,81652061,191394244,375653290,560214681,745543660,
OR30x100-0.75_10 SAM-0.2,7454169,81055308,190739629,374454648,559014002,746414938,
OR30x100-0.75_2 SAM-0.01,7383321,81136395,191772190,376249616,560899418,745878444,
OR30x100-0.75_2 SAM-0.02,7383321,81291938,192327355,378506509,564486422,750706863,
OR30x100-0.75_2 SAM-0.05,7383321,81372473,192068917,376437876,560256990,743870771,
OR30x100-0.75_2 SAM-0.1,7383321,81623294,192015555,377950505,559784309,736353533,
OR30x100-0.75_2 SAM-0.2,7383321,80714395,190309570,374690313,555162083,735799652,
OR30x100-0.75_3 SAM-0.01,7140396,78542261,185724548,364126816,542832956,721563986,
OR30x100-0.75_3 SAM-0.02,7140396,78557402,185494843,364189312,542765657,721672711,
OR30x100-0.75_3 SAM-0.05,7140396,78423722,185668162,365285192,542885543,719523840,
OR30x100-0.75_3 SAM-0.1,7140396,79066591,186646469,367894568,551410173,739124051,
OR30x100-0.75_3 SAM-0.2,7140396,79382966,190184871,375705978,559030748,745917895,
OR30x100-0.75_4 SAM-0.01,7475448,82197369,194180821,380602986,567401043,754290941,
OR30x100-0.75_4 SAM-0.02,7475448,82254067,194537443,381398935,567767230,754236685,
OR30x100-0.75_4 SAM-0.05,7475448,82320661,195051666,382738439,569113226,755796580,
OR30x100-0.75_4 SAM-0.1,7475448,82605777,195632944,382650463,565436261,746959037,
OR30x100-0.75_4 SAM-0.2,7475448,82216491,193344451,375989778,562929551,755019103,
OR30x100-0.75_5 SAM-0.01,7242732,79709748,188300048,369185743,550012621,730351413,
OR30x100-0.75_5 SAM-0.02,7242732,79599720,188134896,368707635,549179086,730152794,
OR30x100-0.75_5 SAM-0.05,7242732,79639308,187773733,365581153,543655008,720892472,
OR30x100-0.75_5 SAM-0.1,7242732,78843278,184564824,360488492,533731160,708426673,
OR30x100-0.75_5 SAM-0.2,7242732,76651868,177865650,346070912,518810435,686547941,
OR30x100-0.75_6 SAM-0.01,7381353,81139477,191849980,376010786,559813734,743601970,
OR30x100-0.75_6 SAM-0.02,7381353,81045805,191312630,375179896,559198137,743562808,
OR30x100-0.75_6 SAM-0.05,7381353,80634206,190274750,372778941,556484234,738305614,
OR30x100-0.75_6 SAM-0.1,7381353,80496845,190104095,368813677,547839726,725536027,
OR30x100-0.75_6 SAM-0.2,7381353,78083376,184217041,353787197,529390674,708178065,
OR30x100-0.75_7 SAM-0.01,7150236,78668960,186014310,364926800,543667813,722282442,
OR30x100-0.75_7 SAM-0.02,7150236,78731178,186162027,365674812,545678774,725448913,
OR30x100-0.75_7 SAM-0.05,7150236,78927679,186894151,366658690,544565763,721666257,
OR30x100-0.75_7 SAM-0.1,7150236,79281977,186531701,365174808,544046798,721688684,
OR30x100-0.75_7 SAM-0.2,7150236,78925465,186165261,366402157,546836821,728733079,
OR30x100-0.75_8 SAM-0.01,7264872,79909935,189016006,370665012,552084003,733298833,
OR30x100-0.75_8 SAM-0.02,7264872,79861154,188807834,369794240,550586567,730835364,
OR30x100-0.75_8 SAM-0.05,7264872,80121886,190354074,374567205,558768413,742970382,
OR30x100-0.75_8 SAM-0.1,7264872,79216659,187953461,369488908,551295137,736090343,
OR30x100-0.75_8 SAM-0.2,7264872,80291203,193324663,379561629,569907831,761067259,
OR30x100-0.75_9 SAM-0.01,7253925,79809201,188490093,369528911,550365593,731010972,
OR30x100-0.75_9 SAM-0.02,7253925,79647951,188132349,368507906,548675845,728355380,
OR30x100-0.75_9 SAM-0.05,7253925,79479687,187934906,368527309,549756317,729853399,
OR30x100-0.75_9 SAM-0.1,7253925,79631359,188282940,369194313,551762525,730408724,
OR30x100-0.75_9 SAM-0.2,7253925,79517179,187282651,367922015,544540437,718547443,
OR5x100-0.25_1 SAM-0.01,2998863,32939171,77757416,152752166,227713579,302850314,
OR5x100-0.25_1 SAM-0.02,2998863,32821440,77541184,152413231,227296574,302426478,
OR5x100-0.25_1 SAM-0.05,2998863,33098483,78857803,155459878,233754591,311477600,
OR5x100-0.25_1 SAM-0.1,2998863,32819219,79103918,159026997,238008299,318890576,
OR5x100-0.25_1 SAM-0.2,2998863,31792534,75667725,150669330,224083685,298265765,
OR5x100-0.25_10 SAM-0.01,3002553,33016007,78101219,153167961,228850071,304716243,
OR5x100-0.25_10 SAM-0.02,3002553,33042969,77845533,152208261,227510654,302952276,
OR5x100-0.25_10 SAM-0.05,3002553,32778330,78226049,155040583,234308420,316082600,
OR5x100-0.25_10 SAM-0.1,3002553,33441207,80064281,157865032,238300092,316370087,
OR5x100-0.25_10 SAM-0.2,3002553,33155243,78518119,154453309,232547897,312627483,
OR5x100-0.25_2 SAM-0.01,2985702,32921715,77766136,152509046,227202891,302221165,
OR5x100-0.25_2 SAM-0.02,2985702,32823357,77728108,152474469,227464075,303131687,
OR5x100-0.25_2 SAM-0.05,2985702,32943293,77624065,152948175,228902302,304705796,
OR5x100-0.25_2 SAM-0.1,2985702,33202894,78990997,157217768,236463952,319072482,
OR5x100-0.25_2 SAM-0.2,2985702,32066119,76753319,152608380,226437561,299830096,
OR5x100-0.25_3 SAM-0.01,2896773,31900271,75528152,148089976,220820558,294071213,
OR5x100-0.25_3 SAM-0.02,2896773,31795199,75166760,146806453,218181231,289815346,
OR5x100-0.25_3 SAM-0.05,2896773,31634452,74377578,147683834,221491624,296831768,
OR5x100-0.25_3 SAM-0.1,2896773,31252322,73778256,148453498,222594710,295501767,
OR5x100-0.25_3 SAM-0.2,2896773,31468358,74767685,146788747,221602888,298102673,
OR5x100-0.25_4 SAM-0.01,2894682,31908661,75580472,148514266,221853421,295559239,
OR5x100-0.25_4 SAM-0.02,2894682,32041673,75730411,148499519,221784345,295528654,
OR5x100-0.25_4 SAM-0.05,2894682,32659634,78115663,153998508,229048037,304140643,
OR5x100-0.25_4 SAM-0.1,2894682,32891847,77660171,152122327,229087274,304855884,
OR5x100-0.25_4 SAM-0.2,2894682,32740895,79478959,155583585,230204652,302420626,
OR5x100-0.25_5 SAM-0.01,2950893,32377688,76364669,149679026,223106949,296758698,
OR5x100-0.25_5 SAM-0.02,2950893,32371833,76865674,151444590,226927249,302780049,
OR5x100-0.25_5 SAM-0.05,2950893,32498117,77428904,152904246,228308970,303655755,
OR5x100-0.25_5 SAM-0.1,2950893,32641409,77777778,156230288,232498686,309370017,
OR5x100-0.25_5 SAM-0.2,2950893,32379239,77940686,153628862,229447127,305038651,
OR5x100-0.25_6 SAM-0.01,3027399,33312074,78798111,155107298,231407255,307440354,
OR5x100-0.25_6 SAM-0.02,3027399,33295823,78613607,154193535,230160240,306571815,
OR5x100-0.25_6 SAM-0.05,3027399,33365316,79083921,156359575,234257718,313402965,
OR5x100-0.25_6 SAM-0.1,3027399,33241822,78410403,156182532,233020707,309284298,
OR5x100-0.25_6 SAM-0.2,3027399,32472136,77064184,150957732,223286253,295034515,
OR5x100-0.25_7 SAM-0.01,3147693,34612334,81781125,160201343,238610041,317034731,
OR5x100-0.25_7 SAM-0.02,3147693,34534155,81340895,159912593,238608320,316851786,
OR5x100-0.25_7 SAM-0.05,3147693,34591019,82172575,163320402,244753034,327405881,
OR5x100-0.25_7 SAM-0.1,3147693,34507630,82287132,161899748,242573084,323652294,
OR5x100-0.25_7 SAM-0.2,3147693,33928544,80279977,159285879,238778951,321377411,
OR5x100-0.25_8 SAM-0.01,2879430,31582951,74595342,146457281,218131154,289672591,
OR5x100-0.25_8 SAM-0.02,2879430,31625094,74928617,147660369,219910200,291632866,
OR5x100-0.25_8 SAM-0.05,2879430,31660950,75680185,148914748,223402039,297687467,
OR5x100-0.25_8 SAM-0.1,2879430,31929506,76815436,152226937,224405412,299353008,
OR5x100-0.25_8 SAM-0.2,2879430,32554102,78231110,154125238,230504802,305444518,
OR5x100-0.25_9 SAM-0.01,2978568,32769946,77440101,152156539,227121301,302275110,
OR5x100-0.25_9 SAM-0.02,2978568,32844663,77644189,152049435,226874961,301452072,
OR5x100-0.25_9 SAM-0.05,2978568,32762207,77261100,150393519,224394774,299916309,
OR5x100-0.25_9 SAM-0.1,2978568,32366385,77770695,153335226,230390666,307190175,
OR5x100-0.25_9 SAM-0.2,2978568,33480473,79529443,156220844,230108531,306305156,
OR5x100-0.50_1 SAM-0.01,5259111,57816931,136753398,268534896,400626535,532774988,
OR5x100-0.50_1 SAM-0.02,5259111,57739290,136877350,268314426,400103228,532502998,
OR5x100-0.50_1 SAM-0.05,5259111,57570616,136465452,269864698,403784094,536018915,
OR5x100-0.50_1 SAM-0.1,5259111,58845857,142707776,289653226,440496588,591692649,
OR5x100-0.50_1 SAM-0.2,5259111,62153210,151213344,304160231,460660467,610787683,
OR5x100-0.50_10 SAM-0.01,5480142,60376364,143130898,281031035,418564299,555918225,
OR5x100-0.50_10 SAM-0.02,5480142,60406270,142947461,279891548,415655259,550646852,
OR5x100-0.50_10 SAM-0.05,5480142,60941768,144152448,283489317,428293391,575869059,
OR5x100-0.50_10 SAM-0.1,5480142,60365058,143601010,280957584,421106120,567484725,
OR5x100-0.50_10 SAM-0.2,5480142,62095099,150703532,297796210,445851353,590977826,
OR5x100-0.50_2 SAM-0.01,5233035,57589133,135974131,266614388,397104176,526894231,
OR5x100-0.50_2 SAM-0.02,5233035,57571926,136004709,266336838,396798366,527829344,
OR5x100-0.50_2 SAM-0.05,5233035,57170573,135479169,265631293,396326956,528133504,
OR5x100-0.50_2 SAM-0.1,5233035,57744906,135989265,267230470,399680627,531208720,
OR5x100-0.50_2 SAM-0.2,5233035,56157495,133192032,261796469,389797472,517925659,
OR5x100-0.50_3 SAM-0.01,5162064,56902168,134745913,264536886,394471935,524691127,
OR5x100-0.50_3 SAM-0.02,5162064,56991977,135094563,265947890,396771690,527407499,
OR5x100-0.50_3 SAM-0.05,5162064,56825319,134275010,263092541,390585909,518317175,
OR5x100-0.50_3 SAM-0.1,5162064,55982545,133129928,260321077,392062118,528351338,
OR5x100-0.50_3 SAM-0.2,5162064,57552215,135234667,267281753,400150626,532674313,
OR5x100-0.50_4 SAM-0.01,5546070,60974143,144143319,283385817,422480878,561449782,
OR5x100-0.50_4 SAM-0.02,5546070,61025310,143994138,282152517,420351912,558248357,
OR5x100-0.50_4 SAM-0.05,5546070,60645061,142939057,280635437,418903612,558319506,
OR5x100-0.50_4 SAM-0.1,5546070,60970003,145016264,285554792,426439049,570765448,
OR5x100-0.50_4 SAM-0.2,5546070,59439077,142576614,279332937,416874484,554127884,
OR5x100-0.50_5 SAM-0.01,5192814,57040403,134871345,264340337,393306334,522367849,
OR5x100-0.50_5 SAM-0.02,5192814,57018533,134801242,264535944,394441460,524434082,
OR5x100-0.50_5 SAM-0.05,5192814,57040634,135332108,268091072,402895303,538300265,
OR5x100-0.50_5 SAM-0.1,5192814,57215356,135464889,264832253,398220993,531996117,
OR5x100-0.50_5 SAM-0.2,5192814,56995072,135129421,266459211,401973251,533751696,
OR5x100-0.50_6 SAM-0.01,5280021,58066889,137087042,268480158,399842060,532097522,
OR5x100-0.50_6 SAM-0.02,5280021,58036722,136972571,267798897,398695901,529601907,
OR5x100-0.50_6 SAM-0.05,5280021,57320496,135869338,268949870,402304993,537510605,
OR5x100-0.50_6 SAM-0.1,5280021,57144923,134963057,266941550,397456990,526271503,
OR5x100-0.50_6 SAM-0.2,5280021,57044933,135030349,268583937,403835817,546412843,
OR5x100-0.50_7 SAM-0.01,5167107,56813153,134230414,263662043,392894376,521196482,
OR5x100-0.50_7 SAM-0.02,5167107,56862928,134300405,263448464,392685102,521944052,
OR5x100-0.50_7 SAM-0.05,5167107,56658293,133173556,260596750,390349728,521372791,
OR5x100-0.50_7 SAM-0.1,5167107,56936363,135932854,268174336,398842781,527899500,
OR5x100-0.50_7 SAM-0.2,5167107,55809347,129425314,252709484,376264923,501744003,
OR5x100-0.50_8 SAM-0.01,5537460,60925289,143925514,281897567,419923084,557913994,
OR5x100-0.50_8 SAM-0.02,5537460,60952751,144376899,284318947,424984508,565990784,
OR5x100-0.50_8 SAM-0.05,5537460,61325318,145005578,285996887,428255449,572226408,
OR5x100-0.50_8 SAM-0.1,5537460,62527113,150486531,296384301,439504551,581953556,
OR5x100-0.50_8 SAM-0.2,5537460,60818958,143585655,278003485,411737786,550818434,
OR5x100-0.50_9 SAM-0.01,5343243,58733771,138810352,272059539,404658204,537362389,
OR5x100-0.50_9 SAM-0.02,5343243,58610126,138590119,271944933,405365721,538195966,
OR5x100-0.50_9 SAM-0.05,5343243,58567011,138453796,270830098,405896427,540475244,
OR5x100-0.50_9 SAM-0.1,5343243,59163243,139848665,274486368,408030728,538442536,
OR5x100-0.50_9 SAM-0.2,5343243,58472574,139316556,270182766,400420745,535525833,
OR5x100-0.75_1 SAM-0.01,7358106,81027232,191732938,376103226,559814098,742782860,
OR5x100-0.75_1 SAM-0.02,7358106,81164628,191864001,375883541,559920437,744012008,
OR5x100-0.75_1 SAM-0.05,7358106,81539986,193322737,378920251,562125666,744462914,
OR5x100-0.75_1 SAM-0.1,7358106,81354829,191189919,372271347,550102686,726936473,
OR5x100-0.75_1 SAM-0.2,7358106,80952636,187322886,367257155,546541749,724836393,
OR5x100-0.75_10 SAM-0.01,7375695,81121906,191812727,376238184,560636666,745166527,
OR5x100-0.75_10 SAM-0.02,7375695,81030708,191774935,377060595,562891509,748825827,
OR5x100-0.75_10 SAM-0.05,7375695,81288360,193590649,379788917,562674871,746495756,
OR5x100-0.75_10 SAM-0.1,7375695,81415338,192046757,375374047,560372708,745348790,
OR5x100-0.75_10 SAM-0.2,7375695,81499680,191909362,378791503,563233664,748407108,
OR5x100-0.75_2 SAM-0.01,7635963,83993747,198480947,389131009,579488171,769644035,
OR5x100-0.75_2 SAM-0.02,7635963,83913035,198905901,390687250,582726970,775776001,
OR5x100-0.75_2 SAM-0.05,7635963,84112437,199460677,390800089,581472632,773764651,
OR5x100-0.75_2 SAM-0.1,7635963,84149416,198440588,392798986,591432006,791053001,
OR5x100-0.75_2 SAM-0.2,7635963,84067017,201954010,404082495,603482198,802947349,
OR5x100-0.75_3 SAM-0.01,7355646,81002750,191602781,375759688,559836087,744213961,
OR5x100-0.75_3 SAM-0.02,7355646,80924339,191690753,376754554,562620982,749018538,
OR5x100-0.75_3 SAM-0.05,7355646,81102687,192207488,377666667,565177660,753986556,
OR5x100-0.75_3 SAM-0.1,7355646,81069169,189729953,373391944,558383780,744505283,
OR5x100-0.75_3 SAM-0.2,7355646,78729264,185528295,362499211,539881304,715062396,
OR5x100-0.75_4 SAM-0.01,7438917,81844437,193672066,380023226,566671963,753206508,
OR5x100-0.75_4 SAM-0.02,7438917,81804827,193857202,380141306,565770666,750066300,
OR5x100-0.75_4 SAM-0.05,7438917,81749808,193233433,378618406,561007587,741918678,
OR5x100-0.75_4 SAM-0.1,7438917,81545736,193671369,377074401,563008970,754928488,
OR5x100-0.75_4 SAM-0.2,7438917,79680102,186025817,355892959,523523690,697170906,
OR5x100-0.75_5 SAM-0.01,7514193,82849844,195778668,383757758,571842743,759405798,
OR5x100-0.75_5 SAM-0.02,7514193,82807680,195719515,382480677,568512963,754055813,
OR5x100-0.75_5 SAM-0.05,7514193,82366465,195547036,382489764,569197507,755940834,
OR5x100-0.75_5 SAM-0.1,7514193,82287361,192799448,373635556,559753788,746825286,
OR5x100-0.75_5 SAM-0.2,7514193,83752217,203236071,394887174,578377246,766659411,
OR5x100-0.75_6 SAM-0.01,7251957,79770684,188700201,370502085,552054783,733144968,
OR5x100-0.75_6 SAM-0.02,7251957,79642816,188570422,370791104,553267275,735423632,
OR5x100-0.75_6 SAM-0.05,7251957,80081937,189997123,371807285,552152247,731290834,
OR5x100-0.75_6 SAM-0.1,7251957,78380794,187854762,370685715,552496230,732992740,
OR5x100-0.75_6 SAM-0.2,7251957,76898756,180635804,347650416,518640385,694686120,
OR5x100-0.75_7 SAM-0.01,7569174,83257563,197009797,386826060,576649074,765992570,
OR5x100-0.75_7 SAM-0.02,7569174,83179647,196823558,387438741,578740365,770025814,
OR5x100-0.75_7 SAM-0.05,7569174,83677479,198100474,390076120,582239837,773226008,
OR5x100-0.75_7 SAM-0.1,7569174,83831463,198050658,388997004,584132171,779525285,
OR5x100-0.75_7 SAM-0.2,7569174,83703066,199221459,392008731,584203206,781670769,
OR5x100-0.75_8 SAM-0.01,7566960,83217224,196606134,385678249,574638097,763265290,
OR5x100-0.75_8 SAM-0.02,7566960,83427961,196979215,385023145,571775986,758182311,
OR5x100-0.75_8 SAM-0.05,7566960,83037062,197563308,390661069,587621706,785153681,
OR5x100-0.75_8 SAM-0.1,7566960,82511650,194500279,384069195,570561000,759239454,
OR5x100-0.75_8 SAM-0.2,7566960,81873238,192351428,377495808,559331122,738348790,
OR5x100-0.75_9 SAM-0.01,7312719,80339016,189922434,372827840,555922068,739296481,
OR5x100-0.75_9 SAM-0.02,7312719,80068837,188578075,369313180,550252362,731479069,
OR5x100-0.75_9 SAM-0.05,7312719,80190559,188857935,369466861,550729926,730279822,
OR5x100-0.75_9 SAM-0.1,7312719,79909173,187071645,363806697,537218191,712315075,
OR5x100-0.75_9 SAM-0.2,7312719,77654302,182764257,355327751,529139695,703080394,
